Pollutant:,NOX,Unit: grams,,,,,,,,,,,,,,,,,,,,,,,,,,,,,,,,,,
,2015.0,2016.0,2017.0,2018.0,2019.0,2020.0,2021.0,2022.0,2023.0,2024.0,2025.0,2026.0,2027.0,2028.0,2029.0,2030.0,2031.0,2032.0,2033.0,2034.0,2035.0,2036.0,2037.0,2038.0,2039.0,2040.0,2041.0,2042.0,2043.0,2044.0,2045.0,2046.0,2047.0,2048.0,2049.0,2050.0
agriculture and forestry 01T03,0.0,0.0,0.0,0.0,0.0,1371.2614870509606,1380.701754385965,1390.142021720969,1470.061242344707,1501.0626565018654,1516.8866738115453,1529.2812238549513,1541.3208102777846,1552.1738823489748,1564.2052013179773,1575.8978072236562,1573.0906175608723,1574.0659712107163,1567.3719755446468,1564.461903683324,1561.129908139528,1559.860939881906,1558.0698886011671,1558.1369609412302,1558.1159092292576,1558.0698262465478,1557.4619954983896,1559.7164241406647,1561.3125619651266,1563.6227938481522,1567.790110386529,1581.132082198009,1594.6678939469793,1608.6170877956374,1620.6936868637745,1633.0874044757782
coal mining 05,0.0,0.0,0.0,0.0,0.0,0.0,0.0,0.0,0.0,0.0,0.0,0.0,0.0,0.0,0.0,0.0,0.0,0.0,0.0,0.0,0.0,0.0,0.0,0.0,0.0,0.0,0.0,0.0,0.0,0.0,0.0,0.0,0.0,0.0,0.0,0.0
oil and gas extraction 06,0.0,0.0,0.0,0.0,0.0,0.0,0.0,0.0,0.0,0.0,0.0,0.0,0.0,0.0,0.0,0.0,0.0,0.0,0.0,0.0,0.0,0.0,0.0,0.0,0.0,0.0,0.0,0.0,0.0,0.0,0.0,0.0,0.0,0.0,0.0,0.0
other mining and quarrying 07T08,0.0,0.0,0.0,0.0,0.0,0.0,0.0,0.0,0.0,0.0,0.0,0.0,0.0,0.0,0.0,0.0,0.0,0.0,0.0,0.0,0.0,0.0,0.0,0.0,0.0,0.0,0.0,0.0,0.0,0.0,0.0,0.0,0.0,0.0,0.0,0.0
food beverage and tobacco 10T12,0.0,0.0,0.0,0.0,0.0,0.0,0.0,0.0,0.0,0.0,0.0,0.0,0.0,0.0,0.0,0.0,0.0,0.0,0.0,0.0,0.0,0.0,0.0,0.0,0.0,0.0,0.0,0.0,0.0,0.0,0.0,0.0,0.0,0.0,0.0,0.0
textiles apparel and leather 13T15,0.0,0.0,0.0,0.0,0.0,0.0,0.0,0.0,0.0,0.0,0.0,0.0,0.0,0.0,0.0,0.0,0.0,0.0,0.0,0.0,0.0,0.0,0.0,0.0,0.0,0.0,0.0,0.0,0.0,0.0,0.0,0.0,0.0,0.0,0.0,0.0
wood products 16,0.0,0.0,0.0,0.0,0.0,0.0,0.0,0.0,0.0,0.0,0.0,0.0,0.0,0.0,0.0,0.0,0.0,0.0,0.0,0.0,0.0,0.0,0.0,0.0,0.0,0.0,0.0,0.0,0.0,0.0,0.0,0.0,0.0,0.0,0.0,0.0
pulp paper and printing 17T18,0.0,0.0,0.0,0.0,0.0,221515058.32449627,224708828.2078473,238067549.29409486,246707324.99305785,244217490.26980254,244009147.9229494,244954187.51483217,244760398.37325475,245788191.8709071,247455696.93373063,248729154.64661434,251206728.9971579,253609127.04174054,255059007.0018632,256897293.25132293,258680156.91748205,259196577.26619092,260186444.1788387,262686618.5664583,262821194.0118992,265233778.40734568,268575367.0340365,271146050.76922536,273072546.46142,274099319.96857446,274972556.999635,275918516.47244847,275873608.7716623,276285429.2767318,277046221.458487,277957485.23797524
refined petroleum and coke 19,0.0,0.0,0.0,0.0,0.0,4336962.188476998,4349428.660116123,4362869.421487603,4035677.4022410247,5280403.5492842,5549188.057577219,5863407.027058687,6105527.088867052,6065532.209957418,5938050.748429288,5904447.558813723,5821097.062136482,5969614.003942048,6003370.706096325,5993274.797114712,6099190.232917914,6109502.350805733,6180015.575055184,6112145.965125746,6116808.2466637995,6127528.076416093,6066139.669177023,6121570.506034206,6096237.972763405,6136487.819124897,6155826.230677135,6608015.695123848,6604844.9086976275,6323321.189958697,6151359.632935688,6213703.2871723045
chemicals 20,0.0,0.0,0.0,0.0,0.0,17706095.902052574,2129780.104919155,1558656.6078729364,1743457.64498844,3118080.6586800376,1674640.260655772,773538.6135468199,1356290.8840966315,1952838.8088254859,2489435.7546957266,2899313.912185269,3194746.8761086366,3434448.7345019663,3947960.7094924394,4395989.68731274,4745060.437028494,5252089.748078282,5716363.270350629,6063724.551320126,6378666.517659625,6666922.707477716,6932499.516267347,7451561.061524099,8066309.673334062,8539000.885312779,9105270.725924408,9308979.462453637,9488395.82925099,9609092.067128042,9900918.814659638,10297076.685658881
rubber and plastic products 22,0.0,0.0,0.0,0.0,0.0,0.0,0.0,0.0,0.0,0.0,0.0,0.0,0.0,0.0,0.0,0.0,0.0,0.0,0.0,0.0,0.0,0.0,0.0,0.0,0.0,0.0,0.0,0.0,0.0,0.0,0.0,0.0,0.0,0.0,0.0,0.0
glass and glass products 231,0.0,0.0,0.0,0.0,0.0,0.0,0.0,0.0,0.0,0.0,0.0,0.0,0.0,0.0,0.0,0.0,0.0,0.0,0.0,0.0,0.0,0.0,0.0,0.0,0.0,0.0,0.0,0.0,0.0,0.0,0.0,0.0,0.0,0.0,0.0,0.0
cement and other nonmetallic minerals 239,0.0,0.0,0.0,0.0,0.0,628473456.2642616,657681320.1130066,627116512.9960318,653726932.9713721,743763070.3613695,676907780.8326249,626659255.112351,595538695.0721908,570147516.0490161,562506940.8670905,553816215.4782752,546069821.2348199,539103960.2782234,447257485.9571155,430159646.3757392,411152552.27392644,393018577.0488795,381741321.8152724,372190213.8632594,356741395.77051044,346792480.4905865,335995731.22175896,326672201.9235004,319680452.6670098,314514231.5912415,306388155.6392025,301176854.5432939,296504499.5747064,291529212.7948014,288002708.11517847,285384122.4386442
iron and steel 241,0.0,0.0,0.0,0.0,0.0,9497197.585103288,9606836.89263893,11331891.34713268,11030662.844036696,10693217.193160573,9978966.068177823,8977632.397156397,8603790.79883396,8723276.764144126,8751601.593954891,8650580.519706348,8464048.441168401,8149477.367871275,8149684.634057749,8288269.583004491,8326259.490445804,8413774.380423725,8506590.152966466,8586275.454624837,8689202.591048496,8763205.62559598,8788837.632506376,8876089.159549283,9039526.503923388,9134023.437339284,9162852.096777914,9135852.17043108,9028631.802066814,8904986.875281692,8909921.149116041,8993392.323716685
other metals 242,0.0,0.0,0.0,0.0,0.0,53147878.78787879,54769317.171717174,55533912.2513089,60323214.25389755,62339434.42396431,61646863.51630728,61372479.07376384,62712686.6246746,64990433.57000598,66859523.79867284,68438137.26106337,69343000.55287282,69485174.07896037,69447385.15213655,69618968.4696119,70044429.10382384,70704747.7986894,71418373.30723001,71974880.95728558,72386796.23257595,73105627.74953316,73652705.38893983,74080966.86230522,74782331.4370961,75519792.94042984,75890147.63661963,76010128.51315251,76106565.70681372,76289029.00553589,76482408.19350559,76464520.0174678
metal products except machinery and vehicles 25,0.0,0.0,0.0,0.0,0.0,0.0,0.0,0.0,0.0,0.0,0.0,0.0,0.0,0.0,0.0,0.0,0.0,0.0,0.0,0.0,0.0,0.0,0.0,0.0,0.0,0.0,0.0,0.0,0.0,0.0,0.0,0.0,0.0,0.0,0.0,0.0
computers and electronics 26,0.0,0.0,0.0,0.0,0.0,0.0,0.0,0.0,0.0,0.0,0.0,0.0,0.0,0.0,0.0,0.0,0.0,0.0,0.0,0.0,0.0,0.0,0.0,0.0,0.0,0.0,0.0,0.0,0.0,0.0,0.0,0.0,0.0,0.0,0.0,0.0
appliances and electrical equipment 27,0.0,0.0,0.0,0.0,0.0,0.0,0.0,0.0,0.0,0.0,0.0,0.0,0.0,0.0,0.0,0.0,0.0,0.0,0.0,0.0,0.0,0.0,0.0,0.0,0.0,0.0,0.0,0.0,0.0,0.0,0.0,0.0,0.0,0.0,0.0,0.0
other machinery 28,0.0,0.0,0.0,0.0,0.0,0.0,0.0,0.0,0.0,0.0,0.0,0.0,0.0,0.0,0.0,0.0,0.0,0.0,0.0,0.0,0.0,0.0,0.0,0.0,0.0,0.0,0.0,0.0,0.0,0.0,0.0,0.0,0.0,0.0,0.0,0.0
road vehicles 29,0.0,0.0,0.0,0.0,0.0,0.0,0.0,0.0,0.0,0.0,0.0,0.0,0.0,0.0,0.0,0.0,0.0,0.0,0.0,0.0,0.0,0.0,0.0,0.0,0.0,0.0,0.0,0.0,0.0,0.0,0.0,0.0,0.0,0.0,0.0,0.0
nonroad vehicles 30,0.0,0.0,0.0,0.0,0.0,0.0,0.0,0.0,0.0,0.0,0.0,0.0,0.0,0.0,0.0,0.0,0.0,0.0,0.0,0.0,0.0,0.0,0.0,0.0,0.0,0.0,0.0,0.0,0.0,0.0,0.0,0.0,0.0,0.0,0.0,0.0
other manufacturing 31T33,0.0,0.0,0.0,0.0,0.0,613193028.3553876,618327816.005041,672317753.5712835,730993123.5580683,719082024.5528837,699601824.5549219,689721156.7026993,688308183.7272567,690771783.5867164,701118325.6197276,713791361.9388645,726112906.691391,746983104.634651,764862498.7797298,783337703.3844514,799100725.0838085,808565066.1732204,820715365.8194703,838557321.8145645,849475859.299698,865908967.5369189,881899120.7955409,895474562.5374016,906183283.4753807,916763605.7581278,928973980.4035712,950145186.3814046,963321140.0707749,974785897.3957492,987408998.9110404,1000345266.2723622
energy pipelines and gas processing 352T353,0.0,0.0,0.0,0.0,0.0,4559542.42135367,4542200.571973308,5240556.917301535,5730437.606837607,6581072.024005947,6702799.516186818,6741147.096570271,7182639.483773457,7737403.02280314,7824513.169266954,7949670.2740018,7857458.298423994,7694271.698505025,7418176.865323268,7233324.240661299,7158098.831341335,7150771.814972416,7156739.121258669,7068636.798764091,7100821.540322437,7066362.321321861,6993831.703975396,6987427.606308483,7026896.656886014,7061045.237874698,7099534.862079858,7123450.558572452,7076045.000822674,7046786.796018464,7081502.761964122,7160602.91041193
water and waste 36T39,0.0,0.0,0.0,0.0,0.0,0.0,0.0,0.0,0.0,0.0,0.0,0.0,0.0,0.0,0.0,0.0,0.0,0.0,0.0,0.0,0.0,0.0,0.0,0.0,0.0,0.0,0.0,0.0,0.0,0.0,0.0,0.0,0.0,0.0,0.0,0.0
construction 41T43,0.0,0.0,0.0,0.0,0.0,0.0,0.0,0.0,0.0,0.0,0.0,0.0,0.0,0.0,0.0,0.0,0.0,0.0,0.0,0.0,0.0,0.0,0.0,0.0,0.0,0.0,0.0,0.0,0.0,0.0,0.0,0.0,0.0,0.0,0.0,0.0
